{
  "judgment_battles": {
    "sonnet_3_point_5": 1461.6048341658081,
    "aya_8b_ft_v0_local": 1346.7761353692124,
    "o1_preview": 1186.6282656680914,
    "gpt_4o": 1071.7021258558527,
    "gemini_1_5_pro": 1019.9729744774456,
    "google_translate": 926.7176749007173,
    "llama_3_1_400b": 665.444712499288,
    "aya_8b": 321.1532770636659
  },
  "bert_score_battles": {
    "aya_8b_ft_v0_local": 1527.5263414691528,
    "sonnet_3_point_5": 1429.6157726126614,
    "o1_preview": 1190.2834739779714,
    "gpt_4o": 1070.736323003194,
    "google_translate": 1011.3903542922187,
    "gemini_1_5_pro": 980.2225062515571,
    "llama_3_1_400b": 723.6082073304486,
    "aya_8b": 66.61702106279614
  },
  "text_embedding_ada_002_battles": {
    "sonnet_3_point_5": 1446.0771792067478,
    "aya_8b_ft_v0_local": 1441.4540805899676,
    "o1_preview": 1213.80512853093,
    "gpt_4o": 1156.2563514266005,
    "google_translate": 1037.4147393516876,
    "gemini_1_5_pro": 1009.6954315006191,
    "llama_3_1_400b": 747.1273998697353,
    "aya_8b": -51.830310476342085
  },
  "consistency_battles": {
    "sonnet_3_point_5": 1220.544580039899,
    "google_translate": 1198.6286727394095,
    "o1_preview": 1093.6586967485164,
    "gpt_4o": 977.5799402521733,
    "gemini_1_5_pro": 884.4553848429692,
    "aya_8b": 625.1327253769977
  }
}